url,status,cloned,snapshot_swhid,revision_swhid,commit_count,clone_bytes,observed_at,tool_version,evidence_file,error
https://codeberg.org/aitap/RCurl,complete,true,swh:1:snp:eb835db67d015f83ace0a706473f50df0de4230c,swh:1:rev:e26332f5cdce698187a2d710b929933fd744bd4b,92,3538944,2026-09-23T20:14:43Z,swhid v0.1.0,clone-evidence/4a561427f08fb0be518c616d7602955537fbf5bb30272690978a7aef5d5f2693.json.gz,
https://codeberg.org/swsnr/gethostname.rs,complete,true,swh:1:snp:f50ae1cc40c26921a9cffea6ca8e140a97d75c7f,swh:1:rev:bf4d93f997cb20aa0a6be113ede834a77bc59549,188,253952,2026-09-23T20:15:55Z,swhid v0.1.0,clone-evidence/ef9dd5a4d0d9824f4f32bfcc03e8b4d3220b0596b2a221af7c0ebf762589f4c1.json.gz,
https://git.singpolyma.net/xml-types-haskell,complete,true,swh:1:snp:85daae73f34a6bd47317526fcaadc2887c9ce03f,swh:1:rev:2305dd9337d5063373c4584dc68f8c10898f0ab4,47,184320,2026-09-23T20:15:55Z,swhid v0.1.0,clone-evidence/134a07d1c5c17a5fe386228edab0174e2ece5f47518117113ec7b1a0081d4792.json.gz,
https://github.com/blaze-builder/blaze-builder,complete,true,swh:1:snp:024f25048da5d11e4da2858d8bcfbf1a1b67f96c,swh:1:rev:386c423e97e6faabd6722a4aa400c7fc23218610,356,1859584,2026-09-23T20:15:56Z,swhid v0.1.0,clone-evidence/d4036bc8fe6347884784181528affd9c49577f47a79f8cda5a27069197fc738d.json.gz,
https://github.com/chalk/supports-hyperlinks,complete,true,swh:1:snp:968f5fe0a6ba7ace39e4fb20893541283243e044,swh:1:rev:0936597637482cb188f2ad5d946eb12904a76eb7,63,147456,2026-09-23T20:15:57Z,swhid v0.1.0,clone-evidence/c9a175b3ba8b29898a0e8dfafee19e5f93d1b6b1b0e4acf5a3ab15e1558bb433.json.gz,
https://github.com/christhekeele/erlex,complete,true,swh:1:snp:1af88d0949ba9bd90c09710e6e6965b90138b317,swh:1:rev:662741b60611d32c68413624a8365fb9b11cc6cf,160,294912,2026-09-23T20:15:58Z,swhid v0.1.0,clone-evidence/b5a981aa3e1434995e34ca010975e5a478567064f63ffdeb75f7a5df87aaa3e6.json.gz,
https://github.com/dbunit/dbunit-extension,complete,true,swh:1:snp:30ec1b291d56e43c867a89423487b78afecf0dea,swh:1:rev:fde9497a7538983f83aae3af15571a496207c140,2520,12812288,2026-09-23T21:06:52Z,swhid v0.1.0,clone-evidence/23fa9553f0fce0fecbc3ccd606b8c94b4c1745cce3498f9fce01ff61c365470b.json.gz,
https://github.com/elixir-makeup/makeup,complete,true,swh:1:snp:a64dce8a1dde55680e1b21a596e3aed309efd07c,swh:1:rev:5220946a5e918155ef38c2437b8bc8d392c06b9a,176,376832,2026-09-23T20:16:04Z,swhid v0.1.0,clone-evidence/25a79505e81fc0bab1b15b4e341fcc42f24208a7a952e5764928ecb3d7d8db1d.json.gz,
https://github.com/futureverse/future.apply,complete,true,swh:1:snp:3eac06ac1ba3ed05c217b8a7bacc520a02da96ad,swh:1:rev:452c21fc62a338e3f30dc2111554f5ec3e6a020c,714,3768320,2026-09-23T20:16:05Z,swhid v0.1.0,clone-evidence/a57a1edff74a93e2d0a6b7ed3d3d14e6b36b49065d5cbf84875a4c6e7bb46e05.json.gz,
https://github.com/futureverse/globals,complete,true,swh:1:snp:cec4272fe43e7f29859450d7e996434d8043cab9,swh:1:rev:ef4ff462a2b9f5c2087edda2c243a4a186313c69,924,3911680,2026-09-23T20:16:07Z,swhid v0.1.0,clone-evidence/0961bfff42690b68a7aff46a048179395b82718745eab55ada4b3e6d55538442.json.gz,
https://github.com/futureverse/listenv,complete,true,swh:1:snp:4187ec4fbea4481d040af88958fc01f55dd4d5ea,swh:1:rev:09310e4aa3dd31d982353bceb691e6f333860591,480,2191360,2026-09-23T20:16:09Z,swhid v0.1.0,clone-evidence/25f572b9a14919638bbd735c8a35acb8810e44d83a1e046726c5868096bbef06.json.gz,
https://github.com/futureverse/parallelly,complete,true,swh:1:snp:e6fac1b170f55c26d860656dd33533dbfdc09b55,swh:1:rev:c21b3b601f8fa1f437a65e41a67e3494464fa625,1551,9596928,2026-09-23T20:16:11Z,swhid v0.1.0,clone-evidence/560d79058bd69266f5c61d36b723625a7d990c2363de6f0b7fd27c3f93917274.json.gz,
https://github.com/futureverse/progressr,complete,true,swh:1:snp:9fa664e858b48feb41a65112d67aff269aaa6872,swh:1:rev:36cd0ff3af40457a7bb2356b34c6fcbc90f0b544,1191,5705728,2026-09-23T20:16:15Z,swhid v0.1.0,clone-evidence/82ebb15ed68d1a5e34179f175edd7851d91b98705bcd3a20b463cb9076d9822d.json.gz,
https://github.com/haskell-party/haskell-src-meta,complete,true,swh:1:snp:37c20bcc76a9e5341516c44d3b3dbdec3e945d18,swh:1:rev:706dc18739886b617a83fff673e67ace06b2dcf8,352,618496,2026-09-23T20:16:18Z,swhid v0.1.0,clone-evidence/15b0cab765c9475c927156ba67351b83904b93254a04641569fb407e53f3e665.json.gz,
https://github.com/haskell-pkg-janitors/cpphs,complete,true,swh:1:snp:37f78cf94a9d48d93107f332ddf8d7faab60911e,swh:1:rev:93a9086ce2fafe934cc3c911bed0c20a8266b830,20,184320,2026-09-23T20:16:19Z,swhid v0.1.0,clone-evidence/004dcad9a40692548bb4a783a7d925e3d9b062ff52dfb2577eb98ec0763c64c5.json.gz,
https://github.com/haskell-pkg-janitors/polyparse,complete,true,swh:1:snp:160221c34224e7c214daa3b72ee8004de44cd8d6,swh:1:rev:ac51dcebcdeeffea21cc4094513564d9247646c3,33,192512,2026-09-23T20:16:20Z,swhid v0.1.0,clone-evidence/828efd19e728511196143c6eee527384fe8a56c33679164e14835e60ae1507ac.json.gz,
https://github.com/haxml/haxml,complete,true,swh:1:snp:0841d0b081b51ddbc572437a8d2887532b26fa18,swh:1:rev:81f2cf350ee3b95b7efc9623caaaca404af2938a,767,6131712,2026-09-23T20:16:21Z,swhid v0.1.0,clone-evidence/c60bd6af7c4227521d8e0da0d6ae3e7b6929658e13583b19759f9dccebdc12a8.json.gz,
https://github.com/holepunchto/bare-events,complete,true,swh:1:snp:d75366f357b7a2fde111aec7409b3ad6ab8fbc66,swh:1:rev:5f9e241eaccc6a86f60dcbe80f2fac819b4d2939,148,217088,2026-09-23T20:16:24Z,swhid v0.1.0,clone-evidence/7eedb613d7c7acfac8d422838e75cea36579f90cee11274d7439577584eac2ce.json.gz,
https://github.com/inspect-js/is-data-view,complete,true,swh:1:snp:25a89fb5ccddbf04656e3799eecad20041892ed5,swh:1:rev:bd9c914704dfdcea50dc61fc5c4e43d30e50e34d,20,131072,2026-09-23T20:16:25Z,swhid v0.1.0,clone-evidence/19b5a7bdd90ceb2a712d8f632d459444551c90da1743f99d1d62852d29ca6632.json.gz,
https://github.com/jcranch/cond,complete,true,swh:1:snp:50feca9b26823bac7a43a9204374ee6fabf01afd,swh:1:rev:aad5e649dbc31e5a563659a2ecd7edf9fcc8a5ec,73,155648,2026-09-23T20:16:26Z,swhid v0.1.0,clone-evidence/f92a88c1d066d7983b2c17a059a687b8d1b08c2eea01f57c8a5ed030cc6a82e8.json.gz,
https://github.com/jhpratt/num-conv,complete,true,swh:1:snp:711ddb2a677d13be33960bc4fbf28e162b3300a3,swh:1:rev:67f41e3300be24184fb63855819cd87a5d1de6d1,8,118784,2026-09-23T20:16:27Z,swhid v0.1.0,clone-evidence/de15685fa5d7f85139c06ffc83776e1534a5ebc41c4c46543d7149b7bd280e39.json.gz,
https://github.com/juliagraphics/colorbrewer.jl,complete,true,swh:1:snp:6b6a410c7a8b09e37a514700d1ee9e4cdb5483bb,swh:1:rev:54b0a8be1c78fdc20462f75d00217300d73b4b71,49,204800,2026-09-23T20:16:27Z,swhid v0.1.0,clone-evidence/03225e7207db01e27d10a5ebbdb1c6702b2fd9ec9c1c63e1ee005371986a80ff.json.gz,
https://github.com/keruspe/async-global-executor,complete,true,swh:1:snp:6a2ad4bbfe4907f1998c7f3878793711de9c0c6c,swh:1:rev:78e8ac81c76511f133774a34182ae74ba8553574,144,208896,2026-09-23T20:16:28Z,swhid v0.1.0,clone-evidence/375433e7bcd8a6924975f04987975e0507cee1f9da096cc704d9313e7499d7f8.json.gz,
https://github.com/ljharb/ent,complete,true,swh:1:snp:e649049558ec9adfc171214db399e82b4bec607d,swh:1:rev:d6e1b2a88f067c75fc5f1ff106770ea7635d8df6,100,258048,2026-09-23T20:16:29Z,swhid v0.1.0,clone-evidence/b917356c9b8ab4ccd0f729a002f5c7f7a8bf7e737cd5a2455072e0bcbf3b5610.json.gz,
https://github.com/ljharb/possible-typed-array-names,complete,true,swh:1:snp:12cf8974167b9507accd7398eb524f1835b81f29,swh:1:rev:e2ca414d878a275182ce18fcf509f6abb39b0182,16,122880,2026-09-23T20:16:30Z,swhid v0.1.0,clone-evidence/d7c0c61c363ed069fc5a88c3aeece3f7d2555aa99c062f9f5408b44f14ec4cd3.json.gz,
https://github.com/mgeisler/smawk,complete,true,swh:1:snp:3ba6921177ef4639ed35677754d7de8f278a8b9f,swh:1:rev:e064361ff9159e24ba2ecb467664212851d0c089,336,487424,2026-09-23T20:16:31Z,swhid v0.1.0,clone-evidence/899e4cdfca9ad16b986d528f2f14950ade39aeff685719fc8dd0bd141a8ce255.json.gz,
https://github.com/pointfreeco/combine-schedulers,complete,true,swh:1:snp:b392ed5d0905357a68411c7dc5ed5299ebfed606,swh:1:rev:114354e8c1667a2edc4993700fb9fa4f90157b56,405,839680,2026-09-23T20:16:32Z,swhid v0.1.0,clone-evidence/6797c0bfd3886c38a1876aa721dddced52edb5141ec3774eb3e5a7b0730b7838.json.gz,
https://github.com/pointfreeco/swift-clocks,complete,true,swh:1:snp:6d8ff1a5067453ba27d2f2b60e8462301a14413b,swh:1:rev:82440fa0a8b1c381a6d1e8e0fc7bbba53ec63204,172,675840,2026-09-23T20:16:33Z,swhid v0.1.0,clone-evidence/ccf374540b1cc67fdae212f26ac892aa331bfddb801bf762437a0156911341c2.json.gz,
https://github.com/pointfreeco/swift-custom-dump,complete,true,swh:1:snp:239f9e937512d1136292f72b19051b2b8f167ee9,swh:1:rev:4fb9e7cbb4b8f5a7354005db39447f570d6b3e19,637,1732608,2026-09-23T20:16:34Z,swhid v0.1.0,clone-evidence/72c030dc3eb27626d6b7a744d75aa66f21a04e8ddfe0e7d230daed9610ddd1b8.json.gz,
https://github.com/pointfreeco/swift-dependencies,complete,true,swh:1:snp:ecbc87e2a6b8bccf32fd12cfb2908d471d201391,swh:1:rev:b476cc5761057d8d857de063fe7ac8daecf5c06b,1104,2490368,2026-09-23T20:16:35Z,swhid v0.1.0,clone-evidence/8823f42c121e2bd59c7065deafaa6b94a0ad3634a0538fbca4b0a4fb79b4fb03.json.gz,
https://github.com/pointfreeco/swift-identified-collections,complete,true,swh:1:snp:03623fb1c452cb872b7ba005b20466b73ee99ad3,swh:1:rev:3abaf5156efa9437192f8608fa94e6e4e7abf36a,163,2260992,2026-09-23T20:16:37Z,swhid v0.1.0,clone-evidence/f8a524fadbfb3428740b3d8d506062bb6fa6f6eecfb500e0b77edb2540e7d812.json.gz,
https://github.com/r-lib/commonmark,complete,true,swh:1:snp:323e43603b6d36522cd7234cae88d10c005a92e9,swh:1:rev:6c29d2ceb408bef07012b69c45dc7e31ed8b2eaa,201,1024000,2026-09-23T20:16:38Z,swhid v0.1.0,clone-evidence/0c1a02f2d9386bf9498fbad388b082a6aa279f8f05ca8ec01e6ce5f38badce76.json.gz,
https://github.com/r-lib/downlit,complete,true,swh:1:snp:619997e5670cb57439fad103d049fb609c968f85,swh:1:rev:a6233104d5a46d273107421c52515ed63cc912aa,742,4501504,2026-09-23T20:16:39Z,swhid v0.1.0,clone-evidence/089600fc80c49892555afff429d394533bc5756cc3a4f70f4069dc54a4fff903.json.gz,
https://github.com/r-lib/urlchecker,complete,true,swh:1:snp:378e159b7d64f2bd82b530ae1cab7d1548bceddc,swh:1:rev:0c0eb9c487f506443743387274e7997d2f949a61,185,3936256,2026-09-23T20:16:41Z,swhid v0.1.0,clone-evidence/bbd18553d936be5d420fe8ca6f4ee5232f83ed61ba375b7d3a9ef468f05ff6b0.json.gz,
https://github.com/redis-rb/redis-client,complete,true,swh:1:snp:741d026943707f990b438530f0d37625e3060815,swh:1:rev:8e0bc2fdf6a5a7c3ca7225b3eeeaab1f4692f81d,765,1347584,2026-09-23T20:16:43Z,swhid v0.1.0,clone-evidence/7b004c8ee3aa882fef983597656f365c00dea46b7d84ac01847ec2e0cd751048.json.gz,
https://github.com/robertdober/earmark_parser,complete,true,swh:1:snp:85cb3bf905d9c1403f5d07b66a720c54effb5c38,swh:1:rev:d8b5bd910bd227a5f5d16f4587147cdf349a6769,509,1425408,2026-09-23T20:16:45Z,swhid v0.1.0,clone-evidence/a40863a17d2a2295a18b794ad13e8bed856a3bf5c10072b0b8531b7328570f45.json.gz,
https://github.com/rust-cli/termtree,complete,true,swh:1:snp:4009cd575d8fff6f6a328ac2e74ed2aff31d9aa6,swh:1:rev:d9ebc6d9cf880c9123d3864de455848226a05aa4,532,774144,2026-09-23T20:16:46Z,swhid v0.1.0,clone-evidence/b9ae465e061ff9df8e9b6d7db3bb50be26ca0855d552c0c463968ad9665edcc8.json.gz,
https://github.com/sinclairzx81/sinclair-typebox,complete,true,swh:1:snp:8e321444690f294ca9d1834dff08d3b70dafd465,swh:1:rev:20f9f9bdf04b84742fa8a5872bca5a24d9575598,111,5152768,2026-09-23T20:16:47Z,swhid v0.1.0,clone-evidence/696a8136b1b62aa52c6c8c43d57a25a9eb88f1ea38b27262945752a6d4691870.json.gz,
https://github.com/smol-rs/event-listener-strategy,complete,true,swh:1:snp:a7a5449e8f9a741d5c7580ab9735eaac72db551e,swh:1:rev:be0f536e7a18776978b03a6079eb823ee3aa9b34,79,167936,2026-09-23T20:16:50Z,swhid v0.1.0,clone-evidence/209aa77743cb96f2fb962df8c1295db6a94529f3704116f1bc74de79bcdc74e5.json.gz,
https://github.com/sobelow/sobelow,complete,true,swh:1:snp:2dacb33a0b99bcc2ba6ea8bdeee8d6b6865b3a91,swh:1:rev:4eb7d16dc09a9fe26b388c30797cc0b8fb386808,711,1863680,2026-09-23T20:16:50Z,swhid v0.1.0,clone-evidence/01377801d368be1a2083297f51b460cd38127468340cabb8723d6389e98d4867.json.gz,
https://github.com/sval-rs/value-bag,complete,true,swh:1:snp:f75eaba163c17a139bcc8e7c77167a713e877f46,swh:1:rev:f089141eca03d0b8ef2237162b0df547decade16,305,589824,2026-09-23T20:16:52Z,swhid v0.1.0,clone-evidence/47e6c901014aa5a4587a62f53df174d3eda0197ca1860cac19348999d6793cfe.json.gz,
https://github.com/tidyverse/googlesheets4,complete,true,swh:1:snp:a62a678573bf4760d4065ebaf4da8ef02eba2e36,swh:1:rev:55cd9fdbf9c74c20de1eeb9ec2629a7d16c76aa4,3661,39776256,2026-09-23T20:16:53Z,swhid v0.1.0,clone-evidence/e0fa30919cff10e4c15164e5f0ab45e418665030cc242370627b7b0d987b9248.json.gz,
https://github.com/unkindpartition/ansi-terminal,complete,true,swh:1:snp:b21a7d0133fde61cd3d07835caa15db06a1c9671,swh:1:rev:d468adc1d4b1ff5f00102616eba82ad5f17666d4,454,794624,2026-09-23T20:17:07Z,swhid v0.1.0,clone-evidence/f5255b9bb4e003241395720c6e5f4d25a32791c6d1206a00482165286436a257.json.gz,
https://github.com/vlix/http-types,complete,true,swh:1:snp:5699787e1747c3ecbf6c290593168e1acad8988c,swh:1:rev:652b2c71434abafd7a0d0898eeb4348d125b87d9,453,610304,2026-09-23T20:17:08Z,swhid v0.1.0,clone-evidence/b2897a5ecc649c8d410b21198ac41fff809fe1f347b8679d62f9764243e46691.json.gz,
https://github.com/wolph/portalocker,complete,true,swh:1:snp:aba633580a0f246850e28146be3f1bcaf83df523,swh:1:rev:c490bea3973b9840a3c18610edac5d00700075dd,945,2076672,2026-09-23T20:17:09Z,swhid v0.1.0,clone-evidence/524147f62be8c9928e8b4a0a893770adc28f4894cddb7b40544cbd91eeb7a4bb.json.gz,
https://github.com/wolph/python-progressbar,complete,true,swh:1:snp:2433609cfd5306d849a294688ec010b4ae849d47,swh:1:rev:0451a4203397bdcdc1b6ea27d8a1ad0077d8b95e,1462,4628480,2026-09-23T20:17:10Z,swhid v0.1.0,clone-evidence/5384a7723f5091d1e8332857209f1e7219ba78e4cac8cf36aa32fc4616190ab0.json.gz,
