url,snapshot_swhid,snapshot_status,revision_count,revisions_present,revisions_missing,revisions_pending,revisions_unknown,archive_evidence,checks_complete,present_revision_example
https://codeberg.org/aitap/RCurl,swh:1:snp:eb835db67d015f83ace0a706473f50df0de4230c,missing,92,0,92,0,0,none_in_checked_objects,true,
https://codeberg.org/swsnr/gethostname.rs,swh:1:snp:f50ae1cc40c26921a9cffea6ca8e140a97d75c7f,missing,188,143,45,0,0,found,true,swh:1:rev:4c3f906d8e66b111ad367911c5fb5e01a9ee1d64
https://git.singpolyma.net/xml-types-haskell,swh:1:snp:85daae73f34a6bd47317526fcaadc2887c9ce03f,missing,47,0,47,0,0,none_in_checked_objects,true,
https://github.com/blaze-builder/blaze-builder,swh:1:snp:024f25048da5d11e4da2858d8bcfbf1a1b67f96c,missing,356,324,32,0,0,found,true,swh:1:rev:2b147634303a9d2f1b70fb5c5b9a8c4941fa1b4e
https://github.com/chalk/supports-hyperlinks,swh:1:snp:968f5fe0a6ba7ace39e4fb20893541283243e044,missing,63,36,27,0,0,found,true,swh:1:rev:72d47d3e48c7db34926e5e0fa3ad5cda303c34d8
https://github.com/christhekeele/erlex,swh:1:snp:1af88d0949ba9bd90c09710e6e6965b90138b317,missing,160,119,41,0,0,found,true,swh:1:rev:b5e45b7db8bd5c41c266263e31c73d2d08f92a69
https://github.com/dbunit/dbunit-extension,swh:1:snp:30ec1b291d56e43c867a89423487b78afecf0dea,missing,2520,1875,645,0,0,found,true,swh:1:rev:b2b66b0619cdb50c828fbe71412c107e02594e72
https://github.com/elixir-makeup/makeup,swh:1:snp:a64dce8a1dde55680e1b21a596e3aed309efd07c,missing,176,144,32,0,0,found,true,swh:1:rev:b1152f0d683072a1c1174f538b4c8a39e3ec9365
https://github.com/futureverse/future.apply,swh:1:snp:3eac06ac1ba3ed05c217b8a7bacc520a02da96ad,missing,714,557,157,0,0,found,true,swh:1:rev:a07bd0ec5fd2f9bee7cc8a5f587b39391cdadec2
https://github.com/futureverse/globals,swh:1:snp:cec4272fe43e7f29859450d7e996434d8043cab9,missing,924,790,134,0,0,found,true,swh:1:rev:aacc05c300c09a3386c4a335f7bb2085bdb6798d
https://github.com/futureverse/listenv,swh:1:snp:4187ec4fbea4481d040af88958fc01f55dd4d5ea,missing,480,409,71,0,0,found,true,swh:1:rev:8dbc99654e2deab9cdbeab1c28846b117684716e
https://github.com/futureverse/parallelly,swh:1:snp:e6fac1b170f55c26d860656dd33533dbfdc09b55,missing,1551,954,597,0,0,found,true,swh:1:rev:53feb6621fe71dec8a60d03e7053fc67b6d824b3
https://github.com/futureverse/progressr,swh:1:snp:9fa664e858b48feb41a65112d67aff269aaa6872,missing,1191,1023,168,0,0,found,true,swh:1:rev:886701272eafe620b512ff8c45b63dfab0ea5b90
https://github.com/haskell-party/haskell-src-meta,swh:1:snp:37c20bcc76a9e5341516c44d3b3dbdec3e945d18,missing,352,328,24,0,0,found,true,swh:1:rev:dcfec05b0a003b0b82138d3b2d273d2db577183b
https://github.com/haskell-pkg-janitors/cpphs,swh:1:snp:37f78cf94a9d48d93107f332ddf8d7faab60911e,missing,20,0,20,0,0,none_in_checked_objects,true,
https://github.com/haskell-pkg-janitors/polyparse,swh:1:snp:160221c34224e7c214daa3b72ee8004de44cd8d6,missing,33,0,33,0,0,none_in_checked_objects,true,
https://github.com/haxml/haxml,swh:1:snp:0841d0b081b51ddbc572437a8d2887532b26fa18,missing,767,741,26,0,0,found,true,swh:1:rev:230b428e3c439c1937cf49fc551b70bbd39f321c
https://github.com/holepunchto/bare-events,swh:1:snp:d75366f357b7a2fde111aec7409b3ad6ab8fbc66,missing,148,0,148,0,0,none_in_checked_objects,true,
https://github.com/inspect-js/is-data-view,swh:1:snp:25a89fb5ccddbf04656e3799eecad20041892ed5,missing,20,0,20,0,0,none_in_checked_objects,true,
https://github.com/jcranch/cond,swh:1:snp:50feca9b26823bac7a43a9204374ee6fabf01afd,missing,73,58,15,0,0,found,true,swh:1:rev:cd43e0f75c95ac7a0cfe8f84d3b381abc7ec9f1d
https://github.com/jhpratt/num-conv,swh:1:snp:711ddb2a677d13be33960bc4fbf28e162b3300a3,missing,8,0,8,0,0,none_in_checked_objects,true,
https://github.com/juliagraphics/colorbrewer.jl,swh:1:snp:6b6a410c7a8b09e37a514700d1ee9e4cdb5483bb,missing,49,38,11,0,0,found,true,swh:1:rev:6661e0cbfd187c1220f9cb270bfdd27c118374eb
https://github.com/keruspe/async-global-executor,swh:1:snp:6a2ad4bbfe4907f1998c7f3878793711de9c0c6c,missing,144,116,28,0,0,found,true,swh:1:rev:3b506b7a7cc8d8768c0d19c94bebd9c1fa9cbe4b
https://github.com/ljharb/ent,swh:1:snp:e649049558ec9adfc171214db399e82b4bec607d,missing,100,64,36,0,0,found,true,swh:1:rev:a246dd30d84f8f79ab463e12a7b3673acfc3dc20
https://github.com/ljharb/possible-typed-array-names,swh:1:snp:12cf8974167b9507accd7398eb524f1835b81f29,missing,16,0,16,0,0,none_in_checked_objects,true,
https://github.com/mgeisler/smawk,swh:1:snp:3ba6921177ef4639ed35677754d7de8f278a8b9f,missing,336,0,336,0,0,none_in_checked_objects,true,
https://github.com/pointfreeco/combine-schedulers,swh:1:snp:b392ed5d0905357a68411c7dc5ed5299ebfed606,missing,405,211,194,0,0,found,true,swh:1:rev:9fa31f4403da54855f1e2aeaeff478f4f0e40b13
https://github.com/pointfreeco/swift-clocks,swh:1:snp:6d8ff1a5067453ba27d2f2b60e8462301a14413b,missing,172,50,122,0,0,found,true,swh:1:rev:18f7a40eadc1f88afe0d4b65ed0d146c872fa586
https://github.com/pointfreeco/swift-custom-dump,swh:1:snp:239f9e937512d1136292f72b19051b2b8f167ee9,missing,637,207,430,0,0,found,true,swh:1:rev:a0ebbd8523b6a523be2cdb29b0bba4d398772413
https://github.com/pointfreeco/swift-dependencies,swh:1:snp:ecbc87e2a6b8bccf32fd12cfb2908d471d201391,missing,1104,402,702,0,0,found,true,swh:1:rev:4d7258fd7b6a51bbfbbf0becb750dff9da78ef04
https://github.com/pointfreeco/swift-identified-collections,swh:1:snp:03623fb1c452cb872b7ba005b20466b73ee99ad3,missing,163,84,79,0,0,found,true,swh:1:rev:ae21ccea0c7749cc3d3ad85aed3619fae21b96c9
https://github.com/r-lib/commonmark,swh:1:snp:323e43603b6d36522cd7234cae88d10c005a92e9,missing,201,155,46,0,0,found,true,swh:1:rev:d1572dab530e12bd525fd336757421fe55325267
https://github.com/r-lib/downlit,swh:1:snp:619997e5670cb57439fad103d049fb609c968f85,missing,742,533,209,0,0,found,true,swh:1:rev:ee632bbd88560ed7ecd4fc9615c3d26b07b2fa2f
https://github.com/r-lib/urlchecker,swh:1:snp:378e159b7d64f2bd82b530ae1cab7d1548bceddc,missing,185,85,100,0,0,found,true,swh:1:rev:e97d81e32ce5226ff4c5f4069dfe36149a9d66e8
https://github.com/redis-rb/redis-client,swh:1:snp:741d026943707f990b438530f0d37625e3060815,missing,765,648,117,0,0,found,true,swh:1:rev:8d61c2ca7852a90f387e43f98398ae9d82cfa821
https://github.com/robertdober/earmark_parser,swh:1:snp:85cb3bf905d9c1403f5d07b66a720c54effb5c38,missing,509,323,186,0,0,found,true,swh:1:rev:61a1b1f1c63b04a6f3a2463e0302f041e2c57852
https://github.com/rust-cli/termtree,swh:1:snp:4009cd575d8fff6f6a328ac2e74ed2aff31d9aa6,missing,532,390,142,0,0,found,true,swh:1:rev:824cc73f5f5a164b11a73474221765d3b2b472c7
https://github.com/sinclairzx81/sinclair-typebox,swh:1:snp:8e321444690f294ca9d1834dff08d3b70dafd465,missing,111,0,111,0,0,none_in_checked_objects,true,
https://github.com/smol-rs/event-listener-strategy,swh:1:snp:a7a5449e8f9a741d5c7580ab9735eaac72db551e,missing,79,24,55,0,0,found,true,swh:1:rev:50d49e741a264f4f9eb252fbd4b779413ef73b05
https://github.com/sobelow/sobelow,swh:1:snp:2dacb33a0b99bcc2ba6ea8bdeee8d6b6865b3a91,missing,711,625,86,0,0,found,true,swh:1:rev:23f3b22edb88559ae4bf66be43c70d53b9767535
https://github.com/sval-rs/value-bag,swh:1:snp:f75eaba163c17a139bcc8e7c77167a713e877f46,missing,305,63,242,0,0,found,true,swh:1:rev:2c31bc4ebee75181b47371164757dd8c2cd518c1
https://github.com/tidyverse/googlesheets4,swh:1:snp:a62a678573bf4760d4065ebaf4da8ef02eba2e36,missing,3661,2782,879,0,0,found,true,swh:1:rev:c95efce76830ed82d7aa707fb117b814a5ae5f04
https://github.com/unkindpartition/ansi-terminal,swh:1:snp:b21a7d0133fde61cd3d07835caa15db06a1c9671,missing,454,387,67,0,0,found,true,swh:1:rev:015e8b3cf2b21192256917a56676167bb63580d5
https://github.com/vlix/http-types,swh:1:snp:5699787e1747c3ecbf6c290593168e1acad8988c,missing,453,327,126,0,0,found,true,swh:1:rev:8b8b454d6cc2e26b6c77c3cbeecf81c94c874a6e
https://github.com/wolph/portalocker,swh:1:snp:aba633580a0f246850e28146be3f1bcaf83df523,missing,945,416,529,0,0,found,true,swh:1:rev:47339bb6f85e0cbd6a4b0890648a8ef0d869d5c6
https://github.com/wolph/python-progressbar,swh:1:snp:2433609cfd5306d849a294688ec010b4ae849d47,missing,1462,1349,113,0,0,found,true,swh:1:rev:e9c8ae84e95b7500a2ab904df76c1ff08645d115
