url,status,pattern,head_committed_at,first_parent_count,first_parent_present,missing_tip_commits,nearest_present_revision,nearest_present_committed_at,commit_date_gap_days,present_in_head_ancestry,present_outside_head_ancestry,present_to_missing_parent_edges,baseline_observed_at,graph_observed_at,evidence_file,error
https://codeberg.org/swsnr/gethostname.rs,complete,continuous_older_first_parent_history,2026-04-10T13:46:54Z,143,109,34,swh:1:rev:bd32c004a28f06a7b48b761c3f5851114c0f476d,2024-05-20T09:01:02Z,690.2,136,7,0,2026-09-23T20:15:55Z,2026-09-23T21:19:02Z,history-evidence/ef9dd5a4d0d9824f4f32bfcc03e8b4d3220b0596b2a221af7c0ebf762589f4c1.json.gz,
https://github.com/blaze-builder/blaze-builder,complete,continuous_older_first_parent_history,2026-01-12T06:09:26Z,280,253,27,swh:1:rev:2b147634303a9d2f1b70fb5c5b9a8c4941fa1b4e,2021-10-18T21:38:30Z,1546.4,324,0,0,2026-09-23T20:15:56Z,2026-09-23T21:19:04Z,history-evidence/d4036bc8fe6347884784181528affd9c49577f47a79f8cda5a27069197fc738d.json.gz,
https://github.com/chalk/supports-hyperlinks,complete,continuous_older_first_parent_history,2026-09-18T19:16:21Z,47,30,17,swh:1:rev:72d47d3e48c7db34926e5e0fa3ad5cda303c34d8,2025-02-02T06:53:04Z,593.5,36,0,0,2026-09-23T20:15:57Z,2026-09-23T21:19:04Z,history-evidence/c9a175b3ba8b29898a0e8dfafee19e5f93d1b6b1b0e4acf5a3ab15e1558bb433.json.gz,
https://github.com/christhekeele/erlex,complete,continuous_older_first_parent_history,2026-05-31T19:09:15Z,105,69,36,swh:1:rev:3e212032e4654bd1ff9eaba1383441d96477005b,2024-06-21T18:36:09Z,709.0,117,2,0,2026-09-23T20:15:58Z,2026-09-23T21:19:05Z,history-evidence/b5a981aa3e1434995e34ca010975e5a478567064f63ffdeb75f7a5df87aaa3e6.json.gz,
https://github.com/dbunit/dbunit-extension,complete,continuous_older_first_parent_history,2026-09-21T17:47:37Z,1966,1597,369,swh:1:rev:b1bb51b68873295f20316caad608885f072f1312,2026-05-15T23:47:40Z,128.7,1604,271,0,2026-09-23T21:06:52Z,2026-09-23T21:19:09Z,history-evidence/23fa9553f0fce0fecbc3ccd606b8c94b4c1745cce3498f9fce01ff61c365470b.json.gz,
https://github.com/elixir-makeup/makeup,complete,continuous_older_first_parent_history,2026-07-27T21:42:49Z,117,101,16,swh:1:rev:0a0dd39f92511711dde7b2a7f8d5da73ce8d60a1,2024-05-11T09:43:10Z,807.5,113,31,0,2026-09-23T20:16:04Z,2026-09-23T21:19:10Z,history-evidence/25a79505e81fc0bab1b15b4e341fcc42f24208a7a952e5764928ecb3d7d8db1d.json.gz,
https://github.com/futureverse/future.apply,complete,continuous_older_first_parent_history,2026-09-08T17:03:16Z,505,405,100,swh:1:rev:f1b753bd8cdab4ccb7e0fefb48332f244bd97ce3,2024-03-28T16:07:27Z,894.0,492,65,0,2026-09-23T20:16:05Z,2026-09-23T21:19:12Z,history-evidence/a57a1edff74a93e2d0a6b7ed3d3d14e6b36b49065d5cbf84875a4c6e7bb46e05.json.gz,
https://github.com/futureverse/globals,complete,continuous_older_first_parent_history,2026-09-23T04:25:40Z,131,118,13,swh:1:rev:2323bc8384cf2d74bb74db0af0c63fed0ce001e7,2026-02-01T00:17:17Z,234.2,727,63,0,2026-09-23T20:16:07Z,2026-09-23T21:19:14Z,history-evidence/0961bfff42690b68a7aff46a048179395b82718745eab55ada4b3e6d55538442.json.gz,
https://github.com/futureverse/listenv,complete,continuous_older_first_parent_history,2026-06-22T07:41:05Z,157,119,38,swh:1:rev:3903bb380e24e283dd7e07bb4b1ab240a1d3299c,2024-10-27T02:28:05Z,603.2,362,47,0,2026-09-23T20:16:09Z,2026-09-23T21:19:15Z,history-evidence/25f572b9a14919638bbd735c8a35acb8810e44d83a1e046726c5868096bbef06.json.gz,
https://github.com/futureverse/parallelly,complete,continuous_older_first_parent_history,2026-09-22T16:29:33Z,1019,635,384,swh:1:rev:ab471375efcb2e53d73f09fc3ebe91c6644fa611,2024-11-07T20:13:20Z,683.8,747,207,0,2026-09-23T20:16:11Z,2026-09-23T21:19:18Z,history-evidence/560d79058bd69266f5c61d36b723625a7d990c2363de6f0b7fd27c3f93917274.json.gz,
https://github.com/futureverse/progressr,complete,continuous_older_first_parent_history,2026-07-04T14:54:33Z,799,734,65,swh:1:rev:b8b65103cd459db4b275450969e9bb021aae41b4,2026-01-19T18:58:29Z,165.8,906,117,0,2026-09-23T20:16:15Z,2026-09-23T21:19:21Z,history-evidence/82ebb15ed68d1a5e34179f175edd7851d91b98705bcd3a20b463cb9076d9822d.json.gz,
https://github.com/haskell-party/haskell-src-meta,complete,continuous_older_first_parent_history,2026-07-07T21:24:21Z,246,236,10,swh:1:rev:0b924b8bc4e0cf1aa254cd424d4107aa6d1bf4d7,2024-02-09T14:12:44Z,879.3,311,17,0,2026-09-23T20:16:18Z,2026-09-23T21:19:22Z,history-evidence/15b0cab765c9475c927156ba67351b83904b93254a04641569fb407e53f3e665.json.gz,
https://github.com/haxml/haxml,complete,continuous_older_first_parent_history,2026-01-06T03:40:05Z,718,698,20,swh:1:rev:d7d32106fa0ee8535fb1dfa498bc8d66f65d540a,2023-01-25T08:22:57Z,1076.8,714,27,0,2026-09-23T20:16:21Z,2026-09-23T21:19:24Z,history-evidence/c60bd6af7c4227521d8e0da0d6ae3e7b6929658e13583b19759f9dccebdc12a8.json.gz,
https://github.com/jcranch/cond,complete,continuous_older_first_parent_history,2024-12-30T16:15:45Z,58,44,14,swh:1:rev:cd43e0f75c95ac7a0cfe8f84d3b381abc7ec9f1d,2023-09-19T18:49:10Z,467.9,58,0,0,2026-09-23T20:16:26Z,2026-09-23T21:19:25Z,history-evidence/f92a88c1d066d7983b2c17a059a687b8d1b08c2eea01f57c8a5ed030cc6a82e8.json.gz,
https://github.com/juliagraphics/colorbrewer.jl,complete,continuous_older_first_parent_history,2025-10-13T21:41:20Z,34,28,6,swh:1:rev:6661e0cbfd187c1220f9cb270bfdd27c118374eb,2018-08-24T23:12:57Z,2606.9,38,0,0,2026-09-23T20:16:27Z,2026-09-23T21:19:26Z,history-evidence/03225e7207db01e27d10a5ebbdb1c6702b2fd9ec9c1c63e1ee005371986a80ff.json.gz,
https://github.com/keruspe/async-global-executor,complete,continuous_older_first_parent_history,2025-08-13T18:35:10Z,127,107,20,swh:1:rev:34f46e07e64f9422292385bfbdad55cbdca9a436,2023-07-12T16:35:59Z,763.1,113,3,0,2026-09-23T20:16:28Z,2026-09-23T21:19:26Z,history-evidence/375433e7bcd8a6924975f04987975e0507cee1f9da096cc704d9313e7499d7f8.json.gz,
https://github.com/ljharb/ent,complete,continuous_older_first_parent_history,2024-12-16T22:48:41Z,84,60,24,swh:1:rev:a246dd30d84f8f79ab463e12a7b3673acfc3dc20,2015-02-11T19:58:44Z,3596.1,64,0,0,2026-09-23T20:16:29Z,2026-09-23T21:19:27Z,history-evidence/b917356c9b8ab4ccd0f729a002f5c7f7a8bf7e737cd5a2455072e0bcbf3b5610.json.gz,
https://github.com/pointfreeco/combine-schedulers,complete,continuous_older_first_parent_history,2026-08-31T20:46:02Z,98,82,16,swh:1:rev:9fa31f4403da54855f1e2aeaeff478f4f0e40b13,2024-07-24T18:29:32Z,768.1,82,129,0,2026-09-23T20:16:32Z,2026-09-23T21:19:28Z,history-evidence/6797c0bfd3886c38a1876aa721dddced52edb5141ec3774eb3e5a7b0730b7838.json.gz,
https://github.com/pointfreeco/swift-clocks,complete,continuous_older_first_parent_history,2026-08-27T20:05:25Z,54,46,8,swh:1:rev:18f7a40eadc1f88afe0d4b65ed0d146c872fa586,2025-11-14T20:31:00Z,286.0,46,4,0,2026-09-23T20:16:33Z,2026-09-23T21:19:29Z,history-evidence/ccf374540b1cc67fdae212f26ac892aa331bfddb801bf762437a0156911341c2.json.gz,
https://github.com/pointfreeco/swift-custom-dump,complete,continuous_older_first_parent_history,2026-08-28T14:38:44Z,156,126,30,swh:1:rev:93a8aa4937030b606de42f44b17870249f49af0b,2026-01-13T23:27:26Z,226.6,133,74,0,2026-09-23T20:16:34Z,2026-09-23T21:19:30Z,history-evidence/72c030dc3eb27626d6b7a744d75aa66f21a04e8ddfe0e7d230daed9610ddd1b8.json.gz,
https://github.com/pointfreeco/swift-dependencies,complete,continuous_older_first_parent_history,2026-08-27T20:15:14Z,271,259,12,swh:1:rev:008b012380623976ce2b9c92c5bf2bda8bcf5e55,2026-06-17T16:26:48Z,71.2,259,143,0,2026-09-23T20:16:35Z,2026-09-23T21:19:31Z,history-evidence/8823f42c121e2bd59c7065deafaa6b94a0ad3634a0538fbca4b0a4fb79b4fb03.json.gz,
https://github.com/pointfreeco/swift-identified-collections,complete,continuous_older_first_parent_history,2026-06-08T21:36:47Z,74,65,9,swh:1:rev:ae21ccea0c7749cc3d3ad85aed3619fae21b96c9,2024-07-23T16:50:27Z,685.2,65,19,0,2026-09-23T20:16:37Z,2026-09-23T21:19:33Z,history-evidence/f8a524fadbfb3428740b3d8d506062bb6fa6f6eecfb500e0b77edb2540e7d812.json.gz,
https://github.com/r-lib/commonmark,complete,continuous_older_first_parent_history,2025-07-07T12:31:35Z,164,138,26,swh:1:rev:89c6ddc9b027408f0bf86bde287027ded5176853,2023-12-28T13:16:05Z,557.0,146,9,0,2026-09-23T20:16:38Z,2026-09-23T21:19:34Z,history-evidence/0c1a02f2d9386bf9498fbad388b082a6aa279f8f05ca8ec01e6ce5f38badce76.json.gz,
https://github.com/r-lib/downlit,complete,continuous_older_first_parent_history,2026-07-06T21:27:37Z,256,249,7,swh:1:rev:cdaa2f13263892890b6aa4d636982e9e9e645229,2024-06-10T12:44:45Z,756.4,249,284,0,2026-09-23T20:16:39Z,2026-09-23T21:19:36Z,history-evidence/089600fc80c49892555afff429d394533bc5756cc3a4f70f4069dc54a4fff903.json.gz,
https://github.com/r-lib/urlchecker,complete,continuous_older_first_parent_history,2026-07-09T06:07:42Z,99,61,38,swh:1:rev:e97d81e32ce5226ff4c5f4069dfe36149a9d66e8,2023-11-03T14:44:23Z,978.6,85,0,0,2026-09-23T20:16:41Z,2026-09-23T21:19:37Z,history-evidence/bbd18553d936be5d420fe8ca6f4ee5232f83ed61ba375b7d3a9ef468f05ff6b0.json.gz,
https://github.com/redis-rb/redis-client,complete,continuous_older_first_parent_history,2026-09-12T11:41:40Z,472,431,41,swh:1:rev:e9d40c1dfe0c644f9a9a0588cf25c39f2702400c,2026-01-06T18:41:30Z,248.7,604,44,0,2026-09-23T20:16:43Z,2026-09-23T21:19:38Z,history-evidence/7b004c8ee3aa882fef983597656f365c00dea46b7d84ac01847ec2e0cd751048.json.gz,
https://github.com/robertdober/earmark_parser,complete,continuous_older_first_parent_history,2026-07-17T18:39:04Z,240,205,35,swh:1:rev:c19c0171bb86b73dbfccefac8d6e7e3a6fce3297,2024-07-02T17:29:11Z,745.0,244,79,0,2026-09-23T20:16:45Z,2026-09-23T21:19:39Z,history-evidence/a40863a17d2a2295a18b794ad13e8bed856a3bf5c10072b0b8531b7328570f45.json.gz,
https://github.com/rust-cli/termtree,complete,continuous_older_first_parent_history,2026-09-15T01:51:52Z,134,65,69,swh:1:rev:90dee79540dc38305b0f69681749de790e7180ba,2023-10-06T20:20:57Z,1074.2,390,0,0,2026-09-23T20:16:46Z,2026-09-23T21:19:40Z,history-evidence/b9ae465e061ff9df8e9b6d7db3bb50be26ca0855d552c0c463968ad9665edcc8.json.gz,
https://github.com/smol-rs/event-listener-strategy,complete,continuous_older_first_parent_history,2025-07-06T07:44:01Z,31,20,11,swh:1:rev:50d49e741a264f4f9eb252fbd4b779413ef73b05,2024-03-30T15:04:12Z,462.7,24,0,0,2026-09-23T20:16:50Z,2026-09-23T21:19:41Z,history-evidence/209aa77743cb96f2fb962df8c1295db6a94529f3704116f1bc74de79bcdc74e5.json.gz,
https://github.com/sobelow/sobelow,complete,continuous_older_first_parent_history,2026-08-05T20:59:52Z,539,515,24,swh:1:rev:93ab93fe10e2d403b017645cc24c6507a9dce3be,2025-10-14T00:38:18Z,295.8,618,7,0,2026-09-23T20:16:50Z,2026-09-23T21:19:43Z,history-evidence/01377801d368be1a2083297f51b460cd38127468340cabb8723d6389e98d4867.json.gz,
https://github.com/sval-rs/value-bag,complete,continuous_older_first_parent_history,2026-08-31T23:53:43Z,99,37,62,swh:1:rev:313cd1d59301708ddb3f980cc25af79e2e218e61,2022-04-08T11:02:13Z,1606.5,61,2,0,2026-09-23T20:16:52Z,2026-09-23T21:19:43Z,history-evidence/47e6c901014aa5a4587a62f53df174d3eda0197ca1860cac19348999d6793cfe.json.gz,
https://github.com/tidyverse/googlesheets4,complete,continuous_older_first_parent_history,2025-09-08T20:08:34Z,910,898,12,swh:1:rev:4d7f23dcc479b314f96eda11fea695571693697e,2023-11-24T19:25:47Z,654.0,899,1883,0,2026-09-23T20:16:53Z,2026-09-23T21:19:56Z,history-evidence/e0fa30919cff10e4c15164e5f0ab45e418665030cc242370627b7b0d987b9248.json.gz,
https://github.com/unkindpartition/ansi-terminal,complete,continuous_older_first_parent_history,2026-01-22T21:36:50Z,311,306,5,swh:1:rev:015e8b3cf2b21192256917a56676167bb63580d5,2025-09-27T21:23:38Z,117.0,311,76,0,2026-09-23T20:17:07Z,2026-09-23T21:19:57Z,history-evidence/f5255b9bb4e003241395720c6e5f4d25a32791c6d1206a00482165286436a257.json.gz,
https://github.com/vlix/http-types,complete,continuous_older_first_parent_history,2026-09-23T11:21:28Z,183,174,9,swh:1:rev:e4c017fdd2e309b7e88e7178b760cfd6ac2f6bb6,2024-09-18T04:06:45Z,735.3,319,8,0,2026-09-23T20:17:08Z,2026-09-23T21:19:58Z,history-evidence/b2897a5ecc649c8d410b21198ac41fff809fe1f347b8679d62f9764243e46691.json.gz,
https://github.com/wolph/portalocker,complete,continuous_older_first_parent_history,2026-09-19T12:38:48Z,306,204,102,swh:1:rev:4d5905f14015dfa1561b9f3efff9e59ed03df5ba,2024-07-13T23:15:13Z,797.6,413,3,0,2026-09-23T20:17:09Z,2026-09-23T21:19:59Z,history-evidence/524147f62be8c9928e8b4a0a893770adc28f4894cddb7b40544cbd91eeb7a4bb.json.gz,
https://github.com/wolph/python-progressbar,complete,continuous_older_first_parent_history,2026-09-20T01:20:45Z,760,710,50,swh:1:rev:e9c8ae84e95b7500a2ab904df76c1ff08645d115,2026-07-10T16:09:32Z,71.4,1286,63,0,2026-09-23T20:17:10Z,2026-09-23T21:20:01Z,history-evidence/5384a7723f5091d1e8332857209f1e7219ba78e4cac8cf36aa32fc4616190ab0.json.gz,
