name,ecosystem,status,packages,repositories,packages_without_repository,next_url,error
alpine-edge,alpine,complete,0,0,0,,
alpine-v3.10,alpine,complete,0,0,0,,
alpine-v3.11,alpine,complete,0,0,0,,
alpine-v3.12,alpine,complete,0,0,0,,
alpine-v3.13,alpine,complete,0,0,0,,
alpine-v3.14,alpine,complete,0,0,0,,
alpine-v3.15,alpine,complete,0,0,0,,
alpine-v3.16,alpine,complete,0,0,0,,
alpine-v3.17,alpine,complete,0,0,0,,
alpine-v3.18,alpine,complete,0,0,0,,
alpine-v3.19,alpine,complete,0,0,0,,
alpine-v3.20,alpine,complete,0,0,0,,
alpine-v3.21,alpine,complete,0,0,0,,
alpine-v3.22,alpine,complete,0,0,0,,
alpine-v3.23,alpine,complete,0,0,0,,
alpine-v3.3,alpine,complete,0,0,0,,
alpine-v3.4,alpine,complete,0,0,0,,
alpine-v3.5,alpine,complete,0,0,0,,
alpine-v3.6,alpine,complete,0,0,0,,
alpine-v3.7,alpine,complete,0,0,0,,
alpine-v3.8,alpine,complete,0,0,0,,
alpine-v3.9,alpine,complete,0,0,0,,
anaconda.org,conda,complete,0,0,0,,
artifacthub.io,helm,complete,0,0,0,,
artifacts.alfresco.com,maven,complete,0,0,0,,
bioconductor.org,bioconductor,complete,0,0,0,,
bower.io,bower,complete,112,109,0,,
build.shibboleth.net,maven,complete,0,0,0,,
carthage,carthage,complete,0,0,0,,
clojars.org,clojars,complete,280,222,8,,
cocoapods.org,cocoapods,complete,77,51,10,,
conan.io,conan,complete,0,0,0,,
conda-forge.org,conda,complete,390,298,67,,
cran.r-project.org,cran,complete,299,270,29,,
crates.io,cargo,complete,813,580,1,,
ctan.org,ctan,complete,0,0,0,,
debian-10,debian,complete,0,0,0,,
debian-11,debian,complete,0,0,0,,
debian-12,debian,complete,0,0,0,,
debian-13,debian,complete,0,0,0,,
deno.land,deno,complete,0,0,0,,
elpa.gnu.org,elpa,complete,0,0,0,,
elpa.nongnu.org,elpa,complete,0,0,0,,
f-droid.org,fdroid,complete,0,0,0,,
forge.puppet.com,puppet,complete,53,53,0,,
formulae.brew.sh,homebrew,complete,261,176,81,,
freebsd-14-amd64,freebsd,complete,0,0,0,,
freebsd-15-amd64,freebsd,complete,0,0,0,,
gem.coop,rubygems,complete,0,0,0,,
gentoo-portage,gentoo,complete,0,0,0,,
github actions,actions,complete,70,70,0,,
guix,guix,complete,0,0,0,,
hackage.haskell.org,hackage,complete,696,597,34,,
hex.pm,hex,complete,153,153,0,,
hub.docker.com,docker,complete,143,29,70,,
juliahub.com,julia,complete,173,173,0,,
metacpan.org,cpan,complete,20,13,4,,
nexus.gael.cloud,maven,complete,0,0,0,,
nixpkgs-23.05,nixpkgs,complete,0,0,0,,
nixpkgs-23.11,nixpkgs,complete,0,0,0,,
nixpkgs-24.05,nixpkgs,complete,0,0,0,,
nixpkgs-24.11,nixpkgs,complete,0,0,0,,
nixpkgs-unstable,nixpkgs,complete,0,0,0,,
npmjs.org,npm,complete,2295,1599,15,,
nuget.org,nuget,complete,376,76,108,,
opam.ocaml.org,opam,complete,0,0,0,,
open-vsx.org,openvsx,complete,0,0,0,,
openbsd-7.9-amd64,openbsd,complete,0,0,0,,
openindiana-hipster,ips,complete,0,0,0,,
package.elm-lang.org,elm,complete,0,0,0,,
packagist.org,packagist,complete,548,548,0,,
pkg.adelielinux.org,adelie,complete,0,0,0,,
pkgs.racket-lang.org,racket,complete,0,0,0,,
pkgsrc-netbsd-x86_64-10.1-all,pkgsrc,complete,0,0,0,,
postmarketos-master,postmarketos,complete,0,0,0,,
postmarketos-v20.05,postmarketos,complete,0,0,0,,
postmarketos-v21.03,postmarketos,complete,0,0,0,,
postmarketos-v21.06,postmarketos,complete,0,0,0,,
postmarketos-v21.12,postmarketos,complete,0,0,0,,
postmarketos-v22.06,postmarketos,complete,0,0,0,,
postmarketos-v22.12,postmarketos,complete,0,0,0,,
postmarketos-v23.06,postmarketos,complete,0,0,0,,
postmarketos-v23.11,postmarketos,complete,0,0,0,,
postmarketos-v23.12,postmarketos,complete,0,0,0,,
postmarketos-v24.06,postmarketos,complete,0,0,0,,
postmarketos-v24.12,postmarketos,complete,0,0,0,,
postmarketos-v25.06,postmarketos,complete,0,0,0,,
postmarketos-v25.12,postmarketos,complete,0,0,0,,
proxy.golang.org,go,complete,645,576,0,,
pub.dev,pub,complete,122,36,0,,
pypi.org,pypi,complete,522,455,21,,
registry.bazel.build,bazel,complete,0,0,0,,
registry.terraform.io,terraform,complete,0,0,0,,
repo.jenkins-ci.org,maven,complete,0,0,0,,
repo1.maven.org,maven,complete,704,357,75,,
repository.apache.org-releases,maven,complete,0,0,0,,
repository.apache.org-snapshots,maven,complete,0,0,0,,
repository.cloudera.com,maven,complete,0,0,0,,
repository.jboss.org,maven,complete,0,0,0,,
reservoir.lean-lang.org,lean,complete,0,0,0,,
rubygems.org,rubygems,complete,974,689,20,,
spack.io,spack,complete,0,0,0,,
swiftpackageindex.com,swiftpm,complete,97,97,0,,
ubuntu-20.04,ubuntu,complete,0,0,0,,
ubuntu-22.04,ubuntu,complete,0,0,0,,
ubuntu-23.04,ubuntu,complete,0,0,0,,
ubuntu-23.10,ubuntu,complete,0,0,0,,
ubuntu-24.04,ubuntu,complete,0,0,0,,
ubuntu-24.10,ubuntu,complete,0,0,0,,
vcpkg.io,vcpkg,complete,0,0,0,,
